01286,Faculty Full-Time 
01451,Staff-Exempt FT   
01451,Staff-Exempt FT   
01451,Faculty Full-Time 
01460,Staff-NonExempt FT
01460,Staff-Exempt FT   
01501,Staff-Exempt FT   
01501,Staff-Exempt FT   
01503,Faculty Full-Time 
01510,Staff-Exempt FT   
01519,Staff-Exempt FT   
01529,Staff-NonExempt FT
01532,Staff-Exempt FT   
01532,Faculty Full-Time 
01545,Faculty Part-time 
01545,Faculty Full-Time 
01581,Staff-Exempt FT   
01581,Faculty Full-Time 
01583,Faculty Full-Time 
01609,Staff-Exempt PT   
01701,Faculty Full-Time 
01701,Faculty Full-Time 
01701,Staff-Exempt FT   
01701,Staff-Exempt FT   
01701,Faculty Non-Comp  
01701,Faculty Full-Time 
01702,Staff-NonExempt FT
01702,Staff-NonExempt FT
01720,Staff-NonExempt FT
01720,Faculty Part-time 
01720,Faculty Full-Time 
01721,Staff-NonExempt FT
01721,Staff-Exempt FT   
01721,Faculty Full-Time 
01730,Faculty Part-time 
01730,Faculty Full-Time 
01730,Faculty Full-Time 
01730,Faculty Part-time 
01730,Staff-Exempt FT   
01741,Faculty Full-Time 
01742,Faculty Full-Time 
01742,Faculty Full-Time 
01746,Faculty Full-Time 
01746,Faculty Full-Time 
01746,Faculty Part-time 
01747,Staff-Exempt FT   
01748,Staff-Exempt FT   
01752,Faculty Full-Time 
01752,Staff-NonExempt FT
01754,Staff-Exempt PT   
01754,Staff-Exempt FT   
01754,Faculty Full-Time 
01755,Faculty Full-Time 
01760,Faculty Full-Time 
01760,Staff-NonExempt FT
01760,Staff-NonExempt FT
01760,Staff-Exempt FT   
01760,Staff-Exempt FT   
01760,Faculty Part-time 
01760,Faculty Full-Time 
01760,Staff-Exempt FT   
01760,Staff-Exempt FT   
01770,Faculty Full-Time 
01770,Staff-Exempt FT   
01770,Faculty Part-time 
01770,Faculty Full-Time 
01770,Faculty Full-Time 
01772,Faculty Full-Time 
01773,Faculty Part-time 
01773,Faculty Full-Time 
01773,Faculty Full-Time 
01775,Faculty Full-Time 
01776,Faculty Part-time 
01776,Faculty Full-Time 
01776,Staff-Exempt FT   
01776,Faculty Full-Time 
01776,Faculty Full-Time 
01776,Staff-Exempt FT   
01776,Faculty Part-time 
01778,Faculty Full-Time 
01778,Staff-NonExempt FT
01778,Faculty Full-Time 
01778,Faculty Full-Time 
01778,Faculty Full-Time 
01778,Faculty Full-Time 
01778,Faculty Part-time 
01778,Faculty Full-Time 
01778,Faculty Full-Time 
01778,Faculty Full-Time 
01778,Faculty Full-Time 
01778,Faculty Full-Time 
01788,Faculty Full-Time 
01801,Faculty Full-Time 
01801,Staff-Exempt FT   
01801,Staff-Exempt FT   
01801,Staff-Exempt FT   
01803,Faculty Full-Time 
01803,Staff-Exempt FT   
01803,Staff-NonExempt FT
01803,Staff-Exempt FT   
01803,Staff-Exempt FT   
01810,Faculty Full-Time 
01810,Faculty Full-Time 
01810,Staff-Exempt FT   
01810,Staff-Exempt FT   
01810,Staff-NonExempt FT
01810,Staff-Exempt FT   
01810,Faculty Part-time 
01810,Faculty Full-Time 
01821,Staff-NonExempt FT
01821,Staff-NonExempt FT
01821,Staff-Exempt FT   
01824,Staff-Exempt FT   
01826,Faculty Full-Time 
01826,Staff-Exempt FT   
01832,Staff-NonExempt FT
01833,Faculty Full-Time 
01835,Staff-NonExempt FT
01835,Staff-Exempt FT   
01843,Faculty Full-Time 
01844,Staff-Exempt FT   
01845,Staff-Exempt FT   
01845,Faculty Full-Time 
01845,Faculty Full-Time 
01845,Faculty Full-Time 
01852,Staff-Exempt FT   
01862,Staff-Exempt FT   
01862,Staff-Exempt FT   
01864,Staff-Exempt FT   
01864,Staff-NonExempt FT
01867,Staff-Exempt FT   
01867,Staff-Exempt FT   
01867,Staff-Exempt PT   
01867,Faculty Full-Time 
01876,Faculty Full-Time 
01876,Staff-NonExempt FT
01880,Staff-NonExempt FT
01880,Staff-Exempt PT   
01880,Staff-NonExempt FT
01880,Faculty Full-Time 
01880,Staff-Exempt FT   
01880,Faculty Full-Time 
01886,Staff-Exempt FT   
01886,Staff-NonExempt FT
01886,Staff-Exempt FT   
01886,Faculty Full-Time 
01887,Staff-NonExempt FT
01887,Faculty Part-time 
01887,Faculty Full-Time 
01887,Faculty Part-time 
01887,Staff-Exempt FT   
01890,Staff-NonExempt FT
01890,Faculty Part-time 
01890,Faculty Full-Time 
01890,Faculty Full-Time 
01890,Faculty Part-time 
01890,Faculty Full-Time 
01890,Faculty Full-Time 
01890,Faculty Full-Time 
01890,Faculty Part-time 
01890,Faculty Full-Time 
01890,Staff-Exempt FT   
01890,Staff-NonExempt PT
01890,Faculty Part-time 
01890,Staff-Exempt FT   
01890,Staff-Exempt PT   
01902,Staff-Exempt FT   
01902,Faculty Full-Time 
01905,Staff-NonExempt FT
01905,Faculty Part-time 
01906,Staff-NonExempt FT
01906,Staff-Exempt FT   
01906,Staff-Exempt FT   
01906,Staff-NonExempt FT
01906,Staff-NonExempt FT
01906,Staff-Exempt FT   
01906,Staff-Exempt FT   
01906,Faculty Full-Time 
01907,Staff-Exempt FT   
01907,Faculty Part-time 
01907,Staff-NonExempt FT
01907,Staff-Exempt FT   
01907,Staff-NonExempt FT
01907,Faculty Full-Time 
01915,Staff-Exempt FT   
01915,Staff-Exempt FT   
01915,Staff-Exempt FT   
01921,Faculty Full-Time 
01923,Staff-Exempt FT   
01923,Faculty Full-Time 
01923,Staff-Exempt FT   
01923,Staff-Exempt FT   
01930,Staff-NonExempt FT
01930,Staff-NonExempt FT
01930,Staff-Exempt FT   
01930,Staff-Exempt FT   
01930,Staff-Exempt FT   
01938,Staff-Exempt FT   
01940,Staff-Exempt FT   
01940,Faculty Full-Time 
01940,Faculty Full-Time 
01940,Staff-NonExempt FT
01945,Faculty Full-Time 
01945,Faculty Full-Time 
01945,Staff-NonExempt FT
01945,Faculty Non-Comp  
01950,Staff-Exempt FT   
01950,Staff-Exempt FT   
01950,Faculty Full-Time 
01952,Faculty Full-Time 
01960,Staff-NonExempt FT
01960,Staff-NonExempt FT
01960,Staff-NonExempt FT
01960,Staff-Exempt FT   
01960,Staff-NonExempt FT
01960,Staff-Exempt FT   
01970,Faculty Full-Time 
01970,Staff-NonExempt FT
01970,Faculty Full-Time 
01984,Staff-Exempt FT   
01985,Faculty Part-time 
02020,Staff-NonExempt FT
02021,Staff-NonExempt FT
02021,Faculty Full-Time 
02021,Faculty Full-Time 
02021,Faculty Part-time 
02021,Staff-NonExempt FT
02021,Staff-Exempt FT   
02021,Staff-Exempt FT   
02021,Staff-Exempt FT   
02021,Staff-Exempt PT   
02021,Staff-Exempt FT   
02021,Faculty Full-Time 
02026,Staff-Exempt FT   
02026,Student           
02026,Staff-Exempt FT   
02026,Faculty Part-time 
02026,Staff-NonExempt FT
02026,Staff-NonExempt FT
02026,Staff-Exempt FT   
02030,Faculty Full-Time 
02030,Faculty Retiree   
02030,Faculty Full-Time 
02030,Faculty Full-Time 
02030,Faculty Full-Time 
02030,Staff-Exempt FT   
02030,Faculty Full-Time 
02030,Staff-Exempt PT   
02031,Faculty Full-Time 
02032,Faculty Part-time 
02035,Staff-NonExempt FT
02043,Faculty Non-Comp  
02043,Faculty Full-Time 
02043,Faculty Full-Time 
02043,Faculty Part-time 
02043,Faculty Full-Time 
02043,Faculty Full-Time 
02043,Faculty Full-Time 
02045,Staff-Exempt FT   
02045,Staff-NonExempt FT
02045,Faculty Full-Time 
02048,Faculty Full-Time 
02048,Staff-Exempt FT   
02048,Staff-Exempt FT   
02050,Staff-Exempt FT   
02050,Staff-NonExempt FT
02050,Staff-Exempt FT   
02050,Faculty Full-Time 
02050,Staff-Exempt FT   
02050,Staff-Exempt FT   
02052,Faculty Full-Time 
02052,Faculty Full-Time 
02052,Faculty Part-time 
02053,Faculty Full-Time 
02054,Staff-NonExempt FT
02059,Faculty Full-Time 
02061,Faculty Full-Time 
02061,Faculty Part-time 
02061,Staff-NonExempt FT
02062,Staff-Exempt FT   
02066,Staff-Exempt FT   
02066,Faculty Full-Time 
02066,Faculty Full-Time 
02066,Staff-Exempt FT   
02066,Staff-NonExempt FT
02066,Staff-NonExempt FT
02067,Staff-Exempt FT   
02067,Faculty Part-time 
02067,Faculty Full-Time 
Faculty Full-Time ,
02072,Staff-Exempt FT   
02072,Staff-Exempt FT   
02072,Staff-Exempt FT   
02072,Staff-NonExempt FT
02072,Staff-NonExempt FT
02072,Staff-Exempt FT   
02072,Faculty Full-Time 
02072,Staff-Exempt FT   
02072,Faculty Part-time 
02072,Staff-NonExempt FT
02072,Staff-Exempt FT   
02072,Staff-NonExempt FT
02081,Faculty Full-Time 
02081,Faculty Full-Time 
02090,Faculty Full-Time 
02090,Faculty Full-Time 
02108,Faculty Full-Time 
02109,Faculty Full-Time 
02109,Faculty Full-Time 
02111,Faculty Full-Time 
02111,Faculty Full-Time 
02111,Staff-Exempt FT   
02114,Faculty Full-Time 
02115,Faculty Part-time 
02116,Staff-Exempt FT   
02116,Faculty Full-Time 
02116,Staff-Exempt FT   
02116,Faculty Full-Time 
02118,Faculty Non-Comp  
02118,Faculty Part-time 
02118,Faculty Full-Time 
02118,Faculty Full-Time 
02118,Student           
02118,Faculty Full-Time 
02118,Faculty Full-Time 
02118,Faculty Part-time 
02118,Faculty Part-time 
02119,Staff-NonExempt FT
02119,Staff-Exempt FT   
02119,Faculty Full-Time 
02120,Staff-Exempt FT   
02120,Faculty Full-Time 
02120,Staff-NonExempt FT
02121,Staff-Exempt FT   
02121,Staff-NonExempt FT
02121,Staff-Exempt FT   
02122,Faculty Part-time 
02122,Staff-NonExempt FT
02122,Faculty Full-Time 
02122,Staff-Exempt FT   
02122,Faculty Part-time 
02122,Staff-NonExempt FT
02122,Faculty Part-time 
02124,Staff-NonExempt FT
02124,Staff-NonExempt FT
02124,Staff-NonExempt FT
02124,Staff-NonExempt FT
02124,Staff-Exempt FT   
02124,Staff-Exempt FT   
02124,Staff-NonExempt FT
02125,Staff-NonExempt FT
02125,Staff-NonExempt FT
02125,Staff-Exempt FT   
02125,Staff-Exempt FT   
02125,Staff-NonExempt FT
02125,Faculty Full-Time 
02125,Faculty Part-time 
02125,Staff-Exempt FT   
02125,Staff-NonExempt FT
02125,Faculty Part-time 
02125,Staff-Exempt FT   
02126,Staff-Exempt FT   
02126,Staff-NonExempt FT
02126,Staff-NonExempt FT
02126,Staff-Exempt FT   
02127,Staff-NonExempt FT
02127,Faculty Full-Time 
02127,Faculty Full-Time 
02127,Faculty Full-Time 
02127,Faculty Part-time 
02128,Staff-NonExempt FT
02128,Staff-Exempt FT   
02128,Staff-NonExempt FT
02128,Faculty Full-Time 
02129,Faculty Full-Time 
02129,Faculty Part-time 
02129,Staff-Exempt FT   
02129,Faculty Part-time 
02129,Staff-NonExempt FT
02130,Faculty Full-Time 
02130,Faculty Full-Time 
02130,Faculty Full-Time 
02130,Faculty Full-Time 
02130,Staff-NonExempt FT
02130,Faculty Full-Time 
02130,Staff-Exempt FT   
02130,Faculty Full-Time 
02130,Faculty Full-Time 
02130,Faculty Full-Time 
02130,Faculty Full-Time 
02130,Faculty Full-Time 
02130,Faculty Full-Time 
02130,Faculty Full-Time 
02130,Faculty Full-Time 
02130,Faculty Part-time 
02130,Faculty Full-Time 
02130,Faculty Part-time 
02130,Faculty Full-Time 
02130,Faculty Full-Time 
02130,Staff-Exempt FT   
02130,Faculty Full-Time 
02130,Staff-Exempt FT   
02130,Faculty Full-Time 
02130,Faculty Full-Time 
02131,Faculty Part-time 
02131,Staff-NonExempt FT
02131,Staff-Exempt FT   
02131,Faculty Full-Time 
02131,Staff-Exempt FT   
02131,Faculty Full-Time 
02131,Staff-Exempt FT   
02131,Staff-Exempt FT   
02131,Staff-NonExempt FT
02131,Staff-Exempt FT   
02131,Staff-Exempt FT   
02131,Staff-Exempt FT   
02132,Faculty Full-Time 
02132,Staff-Exempt FT   
02132,Staff-Exempt FT   
02132,Faculty Full-Time 
02132,Faculty Full-Time 
02132,Faculty Full-Time 
02132,Faculty Full-Time 
02132,Faculty Full-Time 
02132,Faculty Full-Time 
02132,Staff-Exempt FT   
02132,Staff-NonExempt FT
02132,Faculty Part-time 
02132,Faculty Part-time 
02132,Faculty Full-Time 
02132,Faculty Full-Time 
02132,Faculty Full-Time 
02132,Staff-Exempt FT   
02134,Staff-NonExempt FT
02134,Faculty Full-Time 
02134,Staff-Exempt PT   
02134,Staff-NonExempt FT
02135,Faculty Full-Time 
02135,Faculty Full-Time 
02135,Staff-Exempt FT   
02135,Staff-NonExempt FT
02135,Staff-Exempt FT   
02135,Staff-Exempt FT   
02135,Staff-NonExempt FT
02136,Staff-NonExempt FT
02136,Faculty Full-Time 
02136,Staff-NonExempt FT
02136,Staff-NonExempt FT
02136,Staff-NonExempt FT
02138,Faculty Full-Time 
02138,Faculty Full-Time 
02138,Faculty Full-Time 
02138,Faculty Part-time 
02138,Faculty Full-Time 
02138,Faculty Full-Time 
02138,Faculty Full-Time 
02138,Faculty Full-Time 
02138,Faculty Full-Time 
02138,Faculty Part-time 
02138,Staff-Exempt FT   
02138,Faculty Full-Time 
02138,Faculty Full-Time 
02139,Faculty Full-Time 
02139,Faculty Non-Comp  
02139,Faculty Full-Time 
02139,Faculty Full-Time 
02139,Faculty Full-Time 
02139,Faculty Part-time 
02139,Faculty Full-Time 
02140,Faculty Full-Time 
02140,Faculty Full-Time 
02141,Faculty Full-Time 
02141,Faculty Full-Time 
02141,Faculty Full-Time 
02141,Faculty Full-Time 
02141,Faculty Full-Time 
02142,Faculty Full-Time 
02143,Faculty Full-Time 
02143,Staff-Exempt FT   
02143,Staff-Exempt FT   
02143,Faculty Full-Time 
02143,Staff-Exempt FT   
02143,Faculty Full-Time 
02143,Staff-Exempt FT   
02143,Staff-Exempt FT   
02143,Staff-Exempt FT   
02143,Faculty Full-Time 
02143,Faculty Full-Time 
02143,Staff-NonExempt FT
02143,Staff-Exempt FT   
02143,Faculty Full-Time 
02143,Faculty Part-time 
02144,Faculty Full-Time 
02144,Staff-Exempt FT   
02144,Staff-Exempt FT   
02144,Staff-Exempt FT   
02144,Faculty Full-Time 
02145,Faculty Part-time 
02145,Staff-NonExempt FT
02145,Staff-Exempt FT   
02148,Faculty Full-Time 
02148,Staff-NonExempt FT
02148,Staff-Exempt FT   
02148,Staff-Exempt FT   
02148,Staff-Exempt FT   
Faculty Full-Time ,
02148,Staff-NonExempt FT
02148,Faculty Full-Time 
02148,Faculty Full-Time 
02148,Staff-Exempt FT   
02148,Staff-Exempt FT   
02149,Staff-Exempt FT   
02149,Staff-NonExempt FT
02149,Staff-Exempt FT   
02149,Staff-Exempt FT   
02149,Staff-Exempt FT   
02149,Staff-NonExempt FT
02150,Staff-NonExempt FT
02150,Staff-NonExempt FT
02150,Faculty Full-Time 
02150,Staff-Exempt FT   
02150,Staff-NonExempt FT
02150,Staff-Exempt FT   
02151,Faculty Part-time 
02151,Faculty Full-Time 
02151,Staff-NonExempt FT
02151,Staff-Exempt PT   
02155,Faculty Part-time 
02155,Faculty Full-Time 
02155,Faculty Full-Time 
02155,Staff-Exempt FT   
02155,Staff-Exempt FT   
02155,Faculty Full-Time 
02155,Faculty Full-Time 
02155,Staff-NonExempt FT
02155,Staff-NonExempt FT
02155,Staff-Exempt FT   
02155,Faculty Full-Time 
02159,Faculty Full-Time 
02169,Faculty Full-Time 
02169,Staff-NonExempt FT
02169,Staff-NonExempt FT
02169,Staff-Exempt FT   
02169,Faculty Full-Time 
02169,Staff-Exempt FT   
02169,Staff-NonExempt FT
02169,Staff-NonExempt FT
02169,Faculty Full-Time 
02169,Faculty Full-Time 
02169,Staff-NonExempt FT
02169,Staff-Exempt FT   
02169,Faculty Full-Time 
02169,Staff-Exempt FT   
02169,Staff-NonExempt FT
02169,Staff-NonExempt FT
02169,Staff-NonExempt FT
02169,Staff-NonExempt FT
02169,Staff-Exempt FT   
02170,Faculty Full-Time 
02170,Staff-Exempt FT   
02170,Faculty Full-Time 
02171,Faculty Full-Time 
02171,Staff-NonExempt FT
02171,Staff-Exempt FT   
02171,Staff-Exempt FT   
02171,Staff-NonExempt FT
02171,Faculty Full-Time 
02171,Faculty Full-Time 
02176,Faculty Full-Time 
02176,Staff-Exempt FT   
02176,Faculty Part-time 
02176,Staff-Exempt FT   
02176,Faculty Non-Comp  
02176,Faculty Full-Time 
02176,Faculty Full-Time 
02180,Staff-Exempt FT   
02180,Staff-NonExempt FT
02180,Faculty Part-time 
02180,Staff-Exempt FT   
02180,Staff-Exempt FT   
02180,Staff-Exempt FT   
02180,Faculty Part-time 
02184,Faculty Full-Time 
02184,Staff-Exempt FT   
02184,Staff-Exempt FT   
02184,Staff-Exempt FT   
02184,Staff-Exempt FT   
02184,Staff-NonExempt FT
02184,Staff-NonExempt FT
02184,Staff-NonExempt FT
02184,Staff-NonExempt FT
02184,Staff-NonExempt FT
02184,Faculty Part-time 
02184,Faculty Full-Time 
02184,Faculty Part-time 
02184,Staff-Exempt FT   
02186,Faculty Full-Time 
02186,Faculty Full-Time 
02186,Faculty Full-Time 
02186,Faculty Full-Time 
02186,Faculty Full-Time 
02186,Faculty Full-Time 
02186,Staff-NonExempt FT
02186,Staff-Retiree     
02186,Faculty Full-Time 
02186,Staff-NonExempt FT
02186,Faculty Full-Time 
02186,Faculty Full-Time 
02186,Staff-Exempt FT   
02186,Faculty Full-Time 
02186,Faculty Full-Time 
02186,Staff-Exempt FT   
02186,Faculty Full-Time 
02186,Faculty Full-Time 
02186,Faculty Full-Time 
02186,Faculty Full-Time 
02188,Staff-Exempt FT   
02188,Staff-Exempt FT   
02188,Staff-NonExempt FT
02189,Faculty Full-Time 
02189,Staff-Exempt FT   
02189,Staff-NonExempt FT
02189,Staff-Exempt FT   
02189,Staff-NonExempt FT
02189,Staff-Exempt FT   
02189,Faculty Full-Time 
02190,Faculty Full-Time 
02190,Staff-Exempt FT   
02190,Staff-Exempt FT   
02190,Staff-NonExempt FT
02190,Staff-NonExempt FT
02191,Staff-NonExempt FT
02191,Staff-Exempt FT   
02199,Staff-Exempt FT   
02210,Faculty Part-time 
02210,Faculty Part-time 
02210,Faculty Full-Time 
02215,Faculty Part-time 
02215,Faculty Non-Comp  
02215,Staff-Exempt FT   
02301,Staff-NonExempt FT
02301,Staff-NonExempt FT
02301,Staff-NonExempt FT
02301,Staff-Exempt FT   
02301,Staff-Exempt FT   
02301,Faculty Full-Time 
02301,Staff-NonExempt FT
02302,Staff-Exempt FT   
02302,Staff-NonExempt FT
02302,Staff-NonExempt FT
02324,Staff-Exempt FT   
02324,Staff-NonExempt FT
02324,Faculty Full-Time 
02324,Staff-NonExempt FT
02324,Staff-NonExempt FT
02330,Staff-NonExempt FT
02333,Staff-Exempt FT   
02333,Staff-Exempt FT   
02338,Staff-Exempt FT   
02338,Staff-NonExempt FT
02338,Staff-NonExempt FT
02339,Staff-Exempt FT   
02339,Staff-NonExempt FT
02339,Faculty Full-Time 
02339,Staff-Exempt FT   
02343,Staff-NonExempt FT
02343,Staff-NonExempt FT
02346,Staff-Exempt FT   
02351,Faculty Full-Time 
02351,Faculty Full-Time 
02351,Staff-Exempt FT   
02356,Faculty Full-Time 
02356,Faculty Part-time 
02356,Faculty Full-Time 
02356,Staff-NonExempt FT
02356,Staff-Exempt FT   
02359,Staff-Exempt FT   
02360,Faculty Full-Time 
02360,Staff-Exempt PT   
02360,Staff-NonExempt FT
02360,Staff-Exempt FT   
02360,Faculty Full-Time 
02364,Staff-Exempt FT   
02364,Faculty Full-Time 
02364,Staff-NonExempt FT
02368,Faculty Full-Time 
02368,Faculty Full-Time 
02368,Staff-NonExempt FT
02368,Staff-NonExempt FT
02370,Faculty Full-Time 
02375,Faculty Full-Time 
02375,Staff-Exempt FT   
02382,Staff-Exempt FT   
02382,Staff-Exempt FT   
02382,Staff-NonExempt FT
02420,Faculty Full-Time 
02420,Staff-Exempt FT   
02420,Faculty Full-Time 
02420,Faculty Full-Time 
02420,Faculty Full-Time 
02420,Faculty Full-Time 
02420,Staff-Exempt FT   
02420,Faculty Non-Comp  
02420,Faculty Part-time 
02421,Staff-Exempt PT   
02421,Staff-Exempt FT   
02421,Faculty Full-Time 
02421,Faculty Full-Time 
02421,Staff-Exempt FT   
02421,Faculty Full-Time 
02421,Faculty Part-time 
02421,Faculty Full-Time 
02421,Staff-NonExempt FT
02421,Faculty Full-Time 
02421,Faculty Full-Time 
02421,Staff-Exempt FT   
02421,Faculty Part-time 
02421,Faculty Full-Time 
02421,Staff-Exempt FT   
02421,Staff-Exempt FT   
02445,Faculty Part-time 
02445,Faculty Full-Time 
02445,Faculty Full-Time 
02445,Faculty Full-Time 
02445,Faculty Full-Time 
02445,Faculty Full-Time 
02445,Faculty Full-Time 
02445,Faculty Full-Time 
02445,Faculty Full-Time 
02445,Faculty Full-Time 
02445,Faculty Full-Time 
02445,Faculty Full-Time 
02445,Faculty Part-time 
02445,Faculty Full-Time 
02445,Faculty Part-time 
02445,Faculty Full-Time 
02445,Faculty Full-Time 
02445,Faculty Full-Time 
02445,Faculty Full-Time 
02445,Faculty Full-Time 
02445,Faculty Full-Time 
02446,Faculty Full-Time 
02446,Faculty Full-Time 
02446,Faculty Full-Time 
02446,Faculty Full-Time 
02446,Faculty Part-time 
02446,Faculty Full-Time 
02446,Staff-Exempt FT   
02446,Faculty Full-Time 
02446,Faculty Full-Time 
02446,Faculty Full-Time 
02446,Faculty Full-Time 
02446,Faculty Full-Time 
02446,Faculty Full-Time 
02446,Faculty Full-Time 
02446,Staff-Exempt PT   
02446,Faculty Full-Time 
02446,Staff-Exempt FT   
02446,Faculty Full-Time 
02446,Faculty Full-Time 
02446,Faculty Part-time 
02446,Faculty Full-Time 
02446,Faculty Full-Time 
02446,Faculty Full-Time 
02446,Faculty Full-Time 
02446,Faculty Full-Time 
02446,Faculty Part-time 
02447,Faculty Full-Time 
02451,Faculty Full-Time 
02451,Staff-Exempt FT   
02451,Staff-Exempt FT   
02451,Faculty Full-Time 
02451,Staff-NonExempt FT
02451,Staff-Exempt FT   
02453,Staff-Exempt FT   
02453,Staff-NonExempt FT
02453,Staff-NonExempt FT
02453,Staff-NonExempt FT
02453,Staff-Exempt FT   
02453,Faculty Full-Time 
02458,Faculty Full-Time 
02458,Faculty Part-time 
02458,Faculty Part-time 
02458,Staff-Exempt FT   
02458,Staff-Exempt FT   
02458,Staff-Exempt FT   
02458,Staff-Exempt FT   
02458,Faculty Full-Time 
02458,Staff-Retiree     
02459,Faculty Full-Time 
02459,Faculty Full-Time 
02459,Faculty Full-Time 
02459,Faculty Part-time 
02459,Faculty Full-Time 
02459,Staff-Exempt FT   
02459,Faculty Non-Comp  
02459,Faculty Part-time 
02459,Faculty Full-Time 
02459,Faculty Full-Time 
02459,Staff-Exempt FT   
02459,Faculty Part-time 
02459,Faculty Full-Time 
02459,Faculty Full-Time 
02459,Faculty Full-Time 
02459,Faculty Full-Time 
02459,Faculty Full-Time 
02459,Faculty Full-Time 
02459,Faculty Full-Time 
02459,Faculty Full-Time 
02459,Faculty Full-Time 
02459,Faculty Part-time 
02459,Faculty Full-Time 
02459,Faculty Part-time 
02459,Faculty Full-Time 
02459,Faculty Full-Time 
02459,Staff-Exempt FT   
02459,Faculty Full-Time 
02459,Faculty Full-Time 
02459,Faculty Full-Time 
02459,Faculty Full-Time 
02460,Faculty Full-Time 
02460,Faculty Full-Time 
02460,Faculty Full-Time 
02460,Faculty Full-Time 
02460,Faculty Full-Time 
02460,Faculty Full-Time 
02460,Faculty Full-Time 
02460,Faculty Full-Time 
02460,Faculty Full-Time 
02460,Faculty Full-Time 
02460,Faculty Full-Time 
02460,Faculty Full-Time 
02460,Faculty Part-time 
02460,Staff-Exempt FT   
02460,Faculty Full-Time 
02460,Faculty Full-Time 
02460,Faculty Full-Time 
02460,Staff-Exempt FT   
02460,Faculty Full-Time 
02461,Faculty Full-Time 
02461,Faculty Full-Time 
02461,Faculty Full-Time 
02461,Faculty Full-Time 
02461,Faculty Full-Time 
02461,Faculty Full-Time 
02461,Faculty Full-Time 
02461,Faculty Full-Time 
02461,Faculty Full-Time 
02461,Faculty Full-Time 
02461,Faculty Non-Comp  
02461,Faculty Full-Time 
02461,Faculty Full-Time 
02461,Faculty Full-Time 
02462,Faculty Full-Time 
02462,Faculty Full-Time 
02464,Faculty Full-Time 
02464,Faculty Full-Time 
02465,Faculty Part-time 
02465,Faculty Full-Time 
02465,Staff-Exempt FT   
02465,Faculty Full-Time 
02465,Staff-Exempt FT   
02465,Faculty Full-Time 
02465,Faculty Part-time 
02465,Faculty Full-Time 
02465,Faculty Full-Time 
02465,Faculty Full-Time 
02465,Faculty Full-Time 
02465,Faculty Part-time 
02465,Staff-Exempt FT   
02465,Faculty Full-Time 
02466,Faculty Full-Time 
02466,Faculty Full-Time 
02466,Faculty Part-time 
02466,Faculty Part-time 
02466,Faculty Full-Time 
02466,Faculty Full-Time 
02466,Faculty Full-Time 
02466,Faculty Part-time 
02467,Faculty Full-Time 
02467,Faculty Full-Time 
02467,Faculty Full-Time 
02467,Faculty Full-Time 
02467,Faculty Full-Time 
02467,Faculty Full-Time 
02467,Faculty Full-Time 
02467,Faculty Full-Time 
02467,Faculty Part-time 
02467,Staff-Exempt FT   
02467,Faculty Part-time 
02467,Faculty Full-Time 
02467,Faculty Full-Time 
02467,Faculty Full-Time 
02467,Faculty Full-Time 
02467,Faculty Full-Time 
02467,Faculty Full-Time 
02467,Faculty Full-Time 
02467,Faculty Full-Time 
02467,Faculty Full-Time 
02467,Faculty Full-Time 
02467,Faculty Part-time 
02467,Faculty Full-Time 
02467,Faculty Full-Time 
02467,Staff-Exempt PT   
02467,Staff-Exempt FT   
02467,Faculty Full-Time 
02467,Faculty Retiree   
02467,Faculty Part-time 
02467,Faculty Non-Comp  
02467,Staff-Exempt FT   
02467,Faculty Full-Time 
02467,Faculty Full-Time 
02467,Faculty Full-Time 
02468,Staff-Exempt FT   
02468,Faculty Full-Time 
02468,Faculty Full-Time 
02468,Staff-NonComp     
02468,Faculty Full-Time 
02468,Faculty Part-time 
02468,Faculty Full-Time 
02468,Faculty Full-Time 
02468,Faculty Full-Time 
02468,Faculty Part-time 
02468,Faculty Retiree   
02468,Faculty Full-Time 
02468,Faculty Full-Time 
02472,Faculty Full-Time 
02472,Faculty Full-Time 
02472,Faculty Full-Time 
02472,Staff-NonExempt FT
02472,Staff-Exempt FT   
02472,Staff-Exempt FT   
02472,Staff-Exempt FT   
02472,Faculty Full-Time 
02472,Faculty Full-Time 
02472,Faculty Full-Time 
02472,Staff-Exempt FT   
02472,Faculty Full-Time 
02472,Faculty Full-Time 
02472,Staff-Exempt FT   
02472,Staff-Exempt FT   
02472,Faculty Full-Time 
02472,Faculty Full-Time 
02472,Staff-Exempt FT   
02472,Staff-Exempt FT   
02472,Faculty Full-Time 
02474,Faculty Part-time 
02474,Staff-NonExempt FT
02474,Staff-Exempt FT   
02474,Faculty Full-Time 
02474,Staff-Exempt FT   
02474,Faculty Part-time 
02474,Faculty Full-Time 
02474,Faculty Full-Time 
02474,Faculty Full-Time 
02474,Faculty Full-Time 
02474,Faculty Part-time 
02474,Faculty Full-Time 
02474,Faculty Part-time 
02474,Faculty Full-Time 
02474,Faculty Part-time 
02474,Staff-NonExempt FT
02476,Faculty Full-Time 
02476,Faculty Part-time 
02476,Staff-Exempt FT   
02476,Staff-NonExempt FT
02478,Staff-Exempt FT   
02478,Faculty Full-Time 
02478,Faculty Full-Time 
02478,Faculty Full-Time 
02478,Staff-Exempt FT   
02478,Faculty Full-Time 
02478,Faculty Full-Time 
02478,Faculty Full-Time 
02478,Staff-NonComp     
02478,Staff-Exempt FT   
02478,Staff-Exempt FT   
02478,Faculty Full-Time 
02478,Faculty Full-Time 
02478,Faculty Part-time 
02478,Faculty Part-time 
02478,Faculty Full-Time 
02478,Staff-Exempt FT   
02478,Faculty Full-Time 
02478,Faculty Full-Time 
02478,Faculty Full-Time 
02478,Faculty Full-Time 
02478,Staff-Exempt FT   
02478,Staff-Exempt FT   
02478,Faculty Full-Time 
02481,Faculty Full-Time 
02481,Faculty Full-Time 
02481,Faculty Part-time 
02481,Faculty Part-time 
02481,Faculty Part-time 
02481,Faculty Full-Time 
02481,Faculty Full-Time 
02481,Faculty Full-Time 
02481,Faculty Full-Time 
02482,Faculty Full-Time 
02482,Faculty Full-Time 
02482,Faculty Full-Time 
02482,Faculty Full-Time 
02482,Faculty Part-time 
02482,Faculty Full-Time 
02482,Faculty Full-Time 
02482,Faculty Full-Time 
02492,Faculty Full-Time 
02492,Faculty Full-Time 
02492,Staff-Exempt FT   
02492,Faculty Full-Time 
02492,Faculty Full-Time 
02492,Staff-Exempt FT   
02492,Faculty Full-Time 
02492,Faculty Full-Time 
02492,Faculty Part-time 
02492,Faculty Full-Time 
02492,Faculty Full-Time 
02492,Faculty Full-Time 
02492,Faculty Full-Time 
02492,Faculty Full-Time 
02492,Faculty Full-Time 
02493,Faculty Full-Time 
02493,Faculty Full-Time 
02493,Staff-Exempt FT   
02493,Staff-Exempt FT   
02493,Faculty Part-time 
02493,Faculty Full-Time 
02493,Faculty Full-Time 
02493,Faculty Full-Time 
02493,Faculty Full-Time 
02493,Faculty Full-Time 
02493,Staff-Exempt FT   
02494,Faculty Part-time 
02494,Faculty Full-Time 
02494,Staff-Exempt FT   
02494,Faculty Full-Time 
02556,Staff-Exempt FT   
02632,Faculty Full-Time 
02702,Staff-NonExempt PT
02703,Staff-NonExempt FT
02703,Staff-NonExempt FT
02703,Staff-Exempt FT   
02720,Staff-Exempt FT   
02726,Staff-NonExempt FT
02738,Staff-Exempt PT   
02745,Staff-NonExempt FT
02760,Faculty Full-Time 
02764,Staff-NonExempt FT
02767,Faculty Part-time 
02767,Staff-NonExempt FT
02780,Faculty Full-Time 
02780,Staff-NonExempt FT
02780,Staff-NonExempt FT
02780,Staff-NonExempt FT
02806,Staff-Exempt FT   
02818,Faculty Part-time 
02860,Staff-Exempt FT   
02878,Faculty Part-time 
02908,Faculty Part-time 
02911,Staff-Exempt FT   
03032,Faculty Full-Time 
03038,Staff-NonExempt FT
03038,Staff-NonExempt FT
03049,Staff-Exempt FT   
03054,Staff-Exempt FT   
03054,Staff-Exempt FT   
03079,Staff-NonExempt FT
03079,Staff-Exempt FT   
03079,Staff-Exempt FT   
03809,Staff-NonExempt FT
03848,Staff-Exempt FT   
03859,Staff-Exempt FT   
03870,Staff-Exempt FT   
03873,Staff-NonExempt FT
03874,Staff-Exempt FT   
04043,Faculty Full-Time 
04079,Faculty Full-Time 
05672,Staff-Exempt FT   
05701,Staff-Exempt FT   
06062,Staff-Exempt FT   
06281,Staff-NonExempt FT
21811,Faculty Full-Time 
45409,Staff-Exempt FT   
17302180,Staff-Exempt FT   
17781505,Faculty Full-Time 
18444405,Faculty Full-Time 
19300006,Staff-Exempt FT   
19700343,Staff-NonExempt FT
20523221,Faculty Full-Time 
20672022,Staff-NonExempt FT
21402378,Faculty Full-Time 
21442835,Staff-Exempt FT   
21451227,Faculty Full-Time 
24511829,Staff-Exempt FT   
24531609,Faculty Part-time 
24662412,Faculty Full-Time 
24767052,Faculty Full-Time 
24782656,Faculty Full-Time 
